id,name
1718652113843,ROBERT - 0
1718652113844,ROBERT - 1
1718652113845,ROBERT - 2
1718652113846,ROBERT - 3
1718652113847,ROBERT - 4
1718652113848,ROBERT - 5
1718652113849,ROBERT - 6
1718652113850,ROBERT - 7
1718652113851,ROBERT - 8
1718652113852,ROBERT - 9
1718652113853,ROBERT - 10
1718652113854,ROBERT - 11
1718652113855,ROBERT - 12
1718652113856,ROBERT - 13
1718652113857,ROBERT - 14
1718652113858,ROBERT - 15
1718652113859,ROBERT - 16
1718652113860,ROBERT - 17
1718652113861,ROBERT - 18
1718652113862,ROBERT - 19
1718652113863,ROBERT - 20
1718652113864,ROBERT - 21
1718652113865,ROBERT - 22
1718652113866,ROBERT - 23
1718652113867,ROBERT - 24
1718652113868,ROBERT - 25
1718652113869,ROBERT - 26
1718652113870,ROBERT - 27
1718652113871,ROBERT - 28
1718652113872,ROBERT - 29
1718652113873,ROBERT - 30
1718652113874,ROBERT - 31
1718652113875,ROBERT - 32
1718652113876,ROBERT - 33
1718652113877,ROBERT - 34
1718652113878,ROBERT - 35
1718652113879,ROBERT - 36
1718652113880,ROBERT - 37
1718652113881,ROBERT - 38
1718652113882,ROBERT - 39
1718652113883,ROBERT - 40
1718652113884,ROBERT - 41
1718652113885,ROBERT - 42
1718652113886,ROBERT - 43
1718652113887,ROBERT - 44
1718652113888,ROBERT - 45
1718652113889,ROBERT - 46
1718652113890,ROBERT - 47
1718652113891,ROBERT - 48
1718652113892,ROBERT - 49
1718652113893,ROBERT - 50
1718652113894,ROBERT - 51
1718652113895,ROBERT - 52
1718652113896,ROBERT - 53
1718652113897,ROBERT - 54
1718652113898,ROBERT - 55
1718652113899,ROBERT - 56
1718652113900,ROBERT - 57
1718652113901,ROBERT - 58
1718652113902,ROBERT - 59
1718652113903,ROBERT - 60
1718652113904,ROBERT - 61
1718652113905,ROBERT - 62
1718652113906,ROBERT - 63
1718652113907,ROBERT - 64
1718652113908,ROBERT - 65
1718652113909,ROBERT - 66
1718652113910,ROBERT - 67
1718652113911,ROBERT - 68
1718652113912,ROBERT - 69
1718652113913,ROBERT - 70
1718652113914,ROBERT - 71
1718652113915,ROBERT - 72
1718652113916,ROBERT - 73
1718652113917,ROBERT - 74
1718652113918,ROBERT - 75
1718652113919,ROBERT - 76
1718652113920,ROBERT - 77
1718652113921,ROBERT - 78
1718652113922,ROBERT - 79
1718652113923,ROBERT - 80
1718652113924,ROBERT - 81
1718652113925,ROBERT - 82
1718652113926,ROBERT - 83
1718652113927,ROBERT - 84
1718652113928,ROBERT - 85
1718652113929,ROBERT - 86
1718652113930,ROBERT - 87
1718652113931,ROBERT - 88
1718652113932,ROBERT - 89
1718652113933,ROBERT - 90
1718652113934,ROBERT - 91
1718652113935,ROBERT - 92
1718652113936,ROBERT - 93
1718652113937,ROBERT - 94
1718652113938,ROBERT - 95
1718652113939,ROBERT - 96
1718652113940,ROBERT - 97
1718652113941,ROBERT - 98
1718652113942,ROBERT - 99
